<?xml version="1.0" encoding="UTF-8"?>
<!--
Copyright (c) 2007, Sun Microsystems, Inc.
All rights reserved.

Redistribution and use in source and binary forms, with or without 
modification, are permitted provided that the following conditions are met:

 * Redistributions of source code must retain the above copyright notice, 
   this list of conditions and the following disclaimer.
 * Redistributions in binary form must reproduce the above copyright 
   notice, this list of conditions and the following disclaimer in 
   the documentation and/or other materials provided with the distribution.
 * Neither the name of Sun Microsystems, Inc. nor the names of its 
   contributors may be used to endorse or promote products derived 
   from this software without specific prior written permission.

THIS SOFTWARE IS PROVIDED BY THE COPYRIGHT HOLDERS AND CONTRIBUTORS
"AS IS" AND ANY EXPRESS OR IMPLIED WARRANTIES, INCLUDING, BUT NOT
LIMITED TO, THE IMPLIED WARRANTIES OF MERCHANTABILITY AND FITNESS FOR
A PARTICULAR PURPOSE ARE DISCLAIMED. IN NO EVENT SHALL THE COPYRIGHT 
OWNER OR CONTRIBUTORS BE LIABLE FOR ANY DIRECT, INDIRECT, INCIDENTAL, 
SPECIAL, EXEMPLARY, OR CONSEQUENTIAL DAMAGES (INCLUDING, BUT NOT LIMITED 
TO, PROCUREMENT OF SUBSTITUTE GOODS OR SERVICES; LOSS OF USE, DATA, OR
PROFITS; OR BUSINESS INTERRUPTION) HOWEVER CAUSED AND ON ANY THEORY OF
LIABILITY, WHETHER IN CONTRACT, STRICT LIABILITY, OR TORT (INCLUDING
NEGLIGENCE OR OTHERWISE) ARISING IN ANY WAY OUT OF THE USE OF THIS
SOFTWARE, EVEN IF ADVISED OF THE POSSIBILITY OF SUCH DAMAGE. 
--> 


<!-- You may freely edit this file. See commented blocks below for -->
<!-- some examples of how to customize the build. -->
<!-- (If you delete it and reopen the project it will be recreated.) -->
<project name="DocumentEditor" default="default" basedir=".">
    <description>Builds, tests, and runs the project DocumentEditor.</description>
    <import file="nbproject/build-impl.xml"/>
    <!--

    There exist several targets which are by default empty and which can be 
    used for execution of your tasks. These targets are usually executed 
    before and after some main targets. They are: 

      -pre-init:                 called before initialization of project properties
      -post-init:                called after initialization of project properties
      -pre-compile:              called before javac compilation
      -post-compile:             called after javac compilation
      -pre-compile-single:       called before javac compilation of single file
      -post-compile-single:      called after javac compilation of single file
      -pre-compile-test:         called before javac compilation of JUnit tests
      -post-compile-test:        called after javac compilation of JUnit tests
      -pre-compile-test-single:  called before javac compilation of single JUnit test
      -post-compile-test-single: called after javac compilation of single JUunit test
      -pre-jar:                  called before JAR building
      -post-jar:                 called after JAR building
      -post-clean:               called after cleaning build products

    (Targets beginning with '-' are not intended to be called on their own.)

    Example of inserting an obfuscator after compilation could look like this:

        <target name="-post-compile">
            <obfuscate>
                <fileset dir="${build.classes.dir}"/>
            </obfuscate>
        </target>

    For list of available properties check the imported 
    nbproject/build-impl.xml file. 


    Another way to customize the build is by overriding existing main targets.
    The targets of interest are: 

      -init-macrodef-javac:     defines macro for javac compilation
      -init-macrodef-junit:     defines macro for junit execution
      -init-macrodef-debug:     defines macro for class debugging
      -init-macrodef-java:      defines macro for class execution
      -do-jar-with-manifest:    JAR building (if you are using a manifest)
      -do-jar-without-manifest: JAR building (if you are not using a manifest)
      run:                      execution of project 
      -javadoc-build:           Javadoc generation
      test-report:              JUnit report generation

    An example of overriding the target for project execution could look like this:

        <target name="run" depends="DocumentEditor-impl.jar">
            <exec dir="bin" executable="launcher.exe">
                <arg file="${dist.jar}"/>
            </exec>
        </target>

    Notice that the overridden target depends on the jar target and not only on 
    the compile target as the regular run target does. Again, for a list of available 
    properties which you can use, check the target you are overriding in the
    nbproject/build-impl.xml file. 

    -->
</project>
